{"cameraMode":{"drawMode":0,"name":"Shaded","section":"Shading Mode"},"sceneLighting":true,"audioPlay":false,"sceneViewState":{"showFog":false,"showMaterialUpdate":false,"showSkybox":false,"showFlares":false,"showImageEffects":false,"showParticleSystems":false},"in2DMode":false,"pivot":{"x":-3.1782708168029787,"y":-1.7628387212753297,"z":3.6567280292510988},"rotation":{"x":-0.19658665359020234,"y":0.3626022934913635,"z":-0.07854140549898148,"w":-0.9075820446014404},"size":7.846163272857666,"orthographic":false}